# ************************************************************
# Sequel Pro SQL dump
# バージョン 4541
#
# http://www.sequelpro.com/
# https://github.com/sequelpro/sequelpro
#
# ホスト: localhost (MySQL 5.6.39)
# データベース: amazon_development
# 作成時刻: 2018-05-08 04:47:02 +0000
# ************************************************************


/*!40101 SET @OLD_CHARACTER_SET_CLIENT=@@CHARACTER_SET_CLIENT */;
/*!40101 SET @OLD_CHARACTER_SET_RESULTS=@@CHARACTER_SET_RESULTS */;
/*!40101 SET @OLD_COLLATION_CONNECTION=@@COLLATION_CONNECTION */;
/*!40101 SET NAMES utf8 */;
/*!40014 SET @OLD_FOREIGN_KEY_CHECKS=@@FOREIGN_KEY_CHECKS, FOREIGN_KEY_CHECKS=0 */;
/*!40101 SET @OLD_SQL_MODE=@@SQL_MODE, SQL_MODE='NO_AUTO_VALUE_ON_ZERO' */;
/*!40111 SET @OLD_SQL_NOTES=@@SQL_NOTES, SQL_NOTES=0 */;


# テーブルのダンプ ar_internal_metadata
# ------------------------------------------------------------

DROP TABLE IF EXISTS `ar_internal_metadata`;

CREATE TABLE `ar_internal_metadata` (
  `key` varchar(255) NOT NULL,
  `value` varchar(255) DEFAULT NULL,
  `created_at` datetime NOT NULL,
  `updated_at` datetime NOT NULL,
  PRIMARY KEY (`key`)
) ENGINE=InnoDB DEFAULT CHARSET=utf8;

LOCK TABLES `ar_internal_metadata` WRITE;
/*!40000 ALTER TABLE `ar_internal_metadata` DISABLE KEYS */;

INSERT INTO `ar_internal_metadata` (`key`, `value`, `created_at`, `updated_at`)
VALUES
  ('environment','development','2018-05-07 06:18:49','2018-05-07 06:18:49');

/*!40000 ALTER TABLE `ar_internal_metadata` ENABLE KEYS */;
UNLOCK TABLES;


# テーブルのダンプ bookimages
# ------------------------------------------------------------

DROP TABLE IF EXISTS `bookimages`;

CREATE TABLE `bookimages` (
  `id` int(11) NOT NULL AUTO_INCREMENT,
  `title` varchar(255) DEFAULT NULL,
  `image_url` text,
  `product_id` int(11) DEFAULT NULL,
  `created_at` datetime NOT NULL,
  `updated_at` datetime NOT NULL,
  PRIMARY KEY (`id`),
  KEY `index_bookimages_on_product_id` (`product_id`),
  CONSTRAINT `fk_rails_023abdf235` FOREIGN KEY (`product_id`) REFERENCES `products` (`id`)
) ENGINE=InnoDB DEFAULT CHARSET=utf8;

LOCK TABLES `bookimages` WRITE;
/*!40000 ALTER TABLE `bookimages` DISABLE KEYS */;

INSERT INTO `bookimages` (`id`, `title`, `image_url`, `product_id`, `created_at`, `updated_at`)
VALUES
  (1,NULL,'https://www1.e-hon.ne.jp/images/syoseki/ac/68/07407568.jpg',4,'2018-05-08 01:29:40','2018-05-08 01:29:40'),
  (2,NULL,'https://www1.e-hon.ne.jp/images/syoseki/ac/69/07407569.jpg',5,'2018-05-08 01:29:40','2018-05-08 01:29:40'),
  (3,NULL,'https://www1.e-hon.ne.jp/images/syoseki/ac/70/07407570.jpg',6,'2018-05-08 01:29:41','2018-05-08 01:29:41'),
  (4,NULL,'https://www1.e-hon.ne.jp/images/syoseki/ac/71/07407571.jpg',7,'2018-05-08 01:29:41','2018-05-08 01:29:41'),
  (5,NULL,'https://www1.e-hon.ne.jp/images/syoseki/ac/72/07407572.jpg',8,'2018-05-08 01:29:42','2018-05-08 01:29:42'),
  (6,NULL,'https://www1.e-hon.ne.jp/images/syoseki/ac/73/07407573.jpg',9,'2018-05-08 01:29:42','2018-05-08 01:29:42'),
  (7,NULL,'https://www1.e-hon.ne.jp/images/syoseki/ac/75/07407575.jpg',10,'2018-05-08 01:29:43','2018-05-08 01:29:43'),
  (8,NULL,'https://www1.e-hon.ne.jp/images/syoseki/ac/76/07407576.jpg',11,'2018-05-08 01:29:44','2018-05-08 01:29:44'),
  (9,NULL,'https://www1.e-hon.ne.jp/images/syoseki/ac/77/07407577.jpg',12,'2018-05-08 01:29:44','2018-05-08 01:29:44'),
  (10,NULL,'https://www1.e-hon.ne.jp/images/syoseki/ac/78/07407578.jpg',13,'2018-05-08 01:29:45','2018-05-08 01:29:45'),
  (11,NULL,'https://www1.e-hon.ne.jp/images/syoseki/ac/79/07407579.jpg',14,'2018-05-08 01:29:45','2018-05-08 01:29:45'),
  (12,NULL,'https://www1.e-hon.ne.jp/images/syoseki/ac/80/07407580.jpg',15,'2018-05-08 01:29:46','2018-05-08 01:29:46'),
  (13,NULL,'https://www1.e-hon.ne.jp/images/syoseki/ac/81/07407581.jpg',16,'2018-05-08 01:29:46','2018-05-08 01:29:46'),
  (14,NULL,'https://www1.e-hon.ne.jp/images/syoseki/ac/55/33759155.jpg',17,'2018-05-08 01:29:46','2018-05-08 01:29:46'),
  (15,NULL,'https://www1.e-hon.ne.jp/images/syoseki/ac/74/33759174.jpg',18,'2018-05-08 01:29:47','2018-05-08 01:29:47'),
  (16,NULL,'https://www1.e-hon.ne.jp/images/syoseki/ac/75/33759175.jpg',19,'2018-05-08 01:29:48','2018-05-08 01:29:48'),
  (17,NULL,'https://www1.e-hon.ne.jp/images/syoseki/ac/76/33759176.jpg',20,'2018-05-08 01:29:48','2018-05-08 01:29:48'),
  (18,NULL,'https://www1.e-hon.ne.jp/images/syoseki/ac/79/33759179.jpg',21,'2018-05-08 01:29:49','2018-05-08 01:29:49'),
  (19,NULL,'https://www1.e-hon.ne.jp/images/syoseki/ac/82/33759182.jpg',22,'2018-05-08 01:29:49','2018-05-08 01:29:49'),
  (20,NULL,'https://www1.e-hon.ne.jp/images/syoseki/ac/83/33759183.jpg',23,'2018-05-08 01:29:50','2018-05-08 01:29:50'),
  (21,NULL,'https://www1.e-hon.ne.jp/images/syoseki/ac/83/33760083.jpg',24,'2018-05-08 01:29:50','2018-05-08 01:29:50'),
  (22,NULL,'https://www1.e-hon.ne.jp/images/syoseki/ac/86/33760086.jpg',25,'2018-05-08 01:29:50','2018-05-08 01:29:50'),
  (23,NULL,'https://www1.e-hon.ne.jp/images/syoseki/ac/91/33760091.jpg',26,'2018-05-08 01:29:51','2018-05-08 01:29:51'),
  (24,NULL,'https://www1.e-hon.ne.jp/images/syoseki/ac/93/33760093.jpg',27,'2018-05-08 01:29:51','2018-05-08 01:29:51'),
  (25,NULL,'https://www1.e-hon.ne.jp/images/syoseki/ac/00/33760100.jpg',28,'2018-05-08 01:29:52','2018-05-08 01:29:52'),
  (26,NULL,'https://www1.e-hon.ne.jp/images/syoseki/ac/02/33760102.jpg',29,'2018-05-08 01:29:52','2018-05-08 01:29:52'),
  (27,NULL,'https://www1.e-hon.ne.jp/images/syoseki/ac/94/33761094.jpg',30,'2018-05-08 01:29:52','2018-05-08 01:29:52'),
  (28,NULL,'https://www1.e-hon.ne.jp/images/syoseki/ac/95/33761095.jpg',31,'2018-05-08 01:29:53','2018-05-08 01:29:53'),
  (29,NULL,'https://www1.e-hon.ne.jp/images/syoseki/ac/55/33761855.jpg',32,'2018-05-08 01:29:53','2018-05-08 01:29:53'),
  (30,NULL,'https://www1.e-hon.ne.jp/images/syoseki/ac/57/33761857.jpg',33,'2018-05-08 01:29:53','2018-05-08 01:29:53'),
  (31,NULL,'https://www1.e-hon.ne.jp/images/syoseki/ac/82/07407582.jpg',34,'2018-05-08 02:01:53','2018-05-08 02:01:53'),
  (32,NULL,'https://www1.e-hon.ne.jp/images/syoseki/ac/83/07407583.jpg',35,'2018-05-08 02:01:54','2018-05-08 02:01:54'),
  (33,NULL,'https://www1.e-hon.ne.jp/images/syoseki/ac/84/07407584.jpg',36,'2018-05-08 02:01:54','2018-05-08 02:01:54'),
  (34,NULL,'https://www1.e-hon.ne.jp/images/syoseki/ac/86/07407586.jpg',37,'2018-05-08 02:01:55','2018-05-08 02:01:55'),
  (35,NULL,'https://www1.e-hon.ne.jp/images/syoseki/ac/87/07407587.jpg',38,'2018-05-08 02:01:55','2018-05-08 02:01:55'),
  (36,NULL,'https://www1.e-hon.ne.jp/images/syoseki/ac/88/07407588.jpg',39,'2018-05-08 02:01:56','2018-05-08 02:01:56'),
  (37,NULL,'https://www1.e-hon.ne.jp/images/syoseki/ac/89/07407589.jpg',40,'2018-05-08 02:01:56','2018-05-08 02:01:56'),
  (38,NULL,'https://www1.e-hon.ne.jp/images/syoseki/ac/90/07407590.jpg',41,'2018-05-08 02:01:57','2018-05-08 02:01:57'),
  (39,NULL,'https://www1.e-hon.ne.jp/images/syoseki/ac/19/07407719.jpg',42,'2018-05-08 02:01:57','2018-05-08 02:01:57'),
  (40,NULL,'https://www1.e-hon.ne.jp/images/syoseki/ac/20/07407720.jpg',43,'2018-05-08 02:01:58','2018-05-08 02:01:58'),
  (41,NULL,'https://www1.e-hon.ne.jp/images/syoseki/ac/21/07407721.jpg',44,'2018-05-08 02:01:58','2018-05-08 02:01:58'),
  (42,NULL,'https://www1.e-hon.ne.jp/images/syoseki/ac/22/07407722.jpg',45,'2018-05-08 02:01:59','2018-05-08 02:01:59'),
  (43,NULL,'https://www1.e-hon.ne.jp/images/syoseki/ac/23/07407723.jpg',46,'2018-05-08 02:01:59','2018-05-08 02:01:59'),
  (44,NULL,'https://www1.e-hon.ne.jp/images/syoseki/ac/26/07407726.jpg',47,'2018-05-08 02:02:00','2018-05-08 02:02:00'),
  (45,NULL,'https://www1.e-hon.ne.jp/images/syoseki/ac/27/07407727.jpg',48,'2018-05-08 02:02:00','2018-05-08 02:02:00'),
  (46,NULL,'https://www1.e-hon.ne.jp/images/syoseki/ac/28/07407728.jpg',49,'2018-05-08 02:02:00','2018-05-08 02:02:00'),
  (47,NULL,'https://www1.e-hon.ne.jp/images/syoseki/ac/29/07407729.jpg',50,'2018-05-08 02:02:01','2018-05-08 02:02:01'),
  (48,NULL,'https://www1.e-hon.ne.jp/images/syoseki/ac/30/07407730.jpg',51,'2018-05-08 02:02:01','2018-05-08 02:02:01'),
  (49,NULL,'https://www1.e-hon.ne.jp/images/syoseki/ac/32/07407732.jpg',52,'2018-05-08 02:02:02','2018-05-08 02:02:02'),
  (50,NULL,'https://www1.e-hon.ne.jp/images/syoseki/ac/33/07407733.jpg',53,'2018-05-08 02:02:02','2018-05-08 02:02:02'),
  (51,NULL,'https://www1.e-hon.ne.jp/images/syoseki/ac/37/07407737.jpg',54,'2018-05-08 02:02:03','2018-05-08 02:02:03'),
  (52,NULL,'https://www1.e-hon.ne.jp/images/syoseki/ac/46/07407746.jpg',55,'2018-05-08 02:02:03','2018-05-08 02:02:03'),
  (53,NULL,'https://www1.e-hon.ne.jp/images/syoseki/ac/48/07407748.jpg',56,'2018-05-08 02:02:04','2018-05-08 02:02:04'),
  (54,NULL,'https://www1.e-hon.ne.jp/images/syoseki/ac/49/07407749.jpg',57,'2018-05-08 02:02:04','2018-05-08 02:02:04'),
  (55,NULL,'https://www1.e-hon.ne.jp/images/syoseki/ac/50/07407750.jpg',58,'2018-05-08 02:02:05','2018-05-08 02:02:05'),
  (56,NULL,'https://www1.e-hon.ne.jp/images/syoseki/ac/51/07407751.jpg',59,'2018-05-08 02:02:05','2018-05-08 02:02:05'),
  (57,NULL,'https://www1.e-hon.ne.jp/images/syoseki/ac/52/07407752.jpg',60,'2018-05-08 02:02:06','2018-05-08 02:02:06'),
  (58,NULL,'https://www1.e-hon.ne.jp/images/syoseki/ac/53/07407753.jpg',61,'2018-05-08 02:02:06','2018-05-08 02:02:06'),
  (59,NULL,'https://www1.e-hon.ne.jp/images/syoseki/ac/01/33750101.jpg',62,'2018-05-08 02:02:07','2018-05-08 02:02:07'),
  (60,NULL,'https://www1.e-hon.ne.jp/images/syoseki/ac/62/33753862.jpg',63,'2018-05-08 02:02:08','2018-05-08 02:02:08');

/*!40000 ALTER TABLE `bookimages` ENABLE KEYS */;
UNLOCK TABLES;


# テーブルのダンプ products
# ------------------------------------------------------------

DROP TABLE IF EXISTS `products`;

CREATE TABLE `products` (
  `id` int(11) NOT NULL AUTO_INCREMENT,
  `name` varchar(255) NOT NULL,
  `price` decimal(10,0) NOT NULL,
  `description` text,
  `stock` int(11) DEFAULT NULL,
  `created_at` datetime NOT NULL,
  `updated_at` datetime NOT NULL,
  PRIMARY KEY (`id`),
  KEY `index_products_on_name` (`name`)
) ENGINE=InnoDB DEFAULT CHARSET=utf8;

LOCK TABLES `products` WRITE;
/*!40000 ALTER TABLE `products` DISABLE KEYS */;

INSERT INTO `products` (`id`, `name`, `price`, `description`, `stock`, `created_at`, `updated_at`)
VALUES
  (4,'食戟のソーマ　２９',432,'\r\n\r\n                  \r\n                    迎える4th　BOUT！！　薙切えりなが出陣！！　“スイーツの女王”茜ヶ久保もものカワイイ料理に対し、“氷の女王”たるえりなが披露する“埒外”の一皿とは…！？　さらに一色とタクミも、最強の十傑、司と竜胆に挑む！！\r\n                  ',NULL,'2018-05-07 09:50:27','2018-05-07 09:50:27'),
  (5,'フードファイタータベル　７',432,'\r\n\r\n                  \r\n                    始まった「大食いクソメガネ決定戦」決勝！　だが、何でもありのバトルロイヤルは、とんでもない存在を呼び起こすことに！！　たべると大食戦士達のラストフードル、その結末は──！？\r\n                  ',NULL,'2018-05-07 09:50:27','2018-05-07 09:50:27'),
  (6,'新テニスの王子様　２３',473,'\r\n\r\n                  \r\n                    決勝トーナメント進出を決めた日本。一方、アメリカ代表として参戦していたリョーマはラルフの一言で日本代表に戻ることを決めた。決勝第一試合を相手の棄権で勝利した日本。次は強豪フランスとの戦いが…。\r\n                  ',NULL,'2018-05-07 09:50:28','2018-05-07 09:50:28'),
  (7,'食戟のソーマＬ’ｅｔｏｉｌｅ　６',473,'\r\n\r\n                 \r\n                    本場のチーズを求めて、コンテ地方にやってきた四宮だったが、謎の老人に「利きチーズ」対決を挑まれる。果たして、すべて正解することができるのか！！　さらに、「BENTO」コンテストに参加することになり、アルベールと共にマルセイユへと向かう…！？\r\n                  ',NULL,'2018-05-07 09:50:28','2018-05-07 09:50:28'),
  (8,'ＲＯＢＯＴ×ＬＡＳＥＲＢＥＡＭ　５',432,'\r\n\r\n                  \r\n                    自らの敗北予想をしたロボの最終日が始まる。友達となったドリアンとのラウンドでスコアを崩すロボ。調子を取り戻し、超パワープレイのドリアンに勝てるのか！？\r\n                 ',NULL,'2018-05-07 09:50:29','2018-05-07 09:50:29'),
  (9,'火ノ丸相撲　２０',432,'\r\n\r\n                 \r\n                    久々に再会した火ノ丸と礼奈は、二人きりで出掛けることに。しかし、そこに思わぬ知らせが入ってきて！？　さらに、横綱・刃皇夫妻まで現れWデートをすることになった火ノ丸達だが！？　大相撲編、急展開の第20巻！！\r\n                  ',NULL,'2018-05-07 09:50:29','2018-05-07 09:50:29'),
  (10,'ＢＯＲＵＴＯ　ＮＡＲＵＴＯ　ＮＥＸＴ　ＧＥＮＥＲＡＴＩＯＮＳ　巻ノ５',432,'\r\n\r\n                  \r\n                    失われた「器」を捜すため、謎の組織「殻」が動き出した。その頃、ボルトはナルトと忍組手を行うが、ナルトの右手には科学忍具が使われており…。憤慨するボルトだが新たな任務を課せられ！？　厄災が再び迫る！！\r\n                 ',NULL,'2018-05-07 09:50:30','2018-05-07 09:50:30'),
  (11,'ぼくたちは勉強ができない　６',432,'\r\n\r\n                  \r\n                    成幸と夜の母校を訪れたうるか。昔話をしていると、何故か愛の告白をすることに！？　海に水着に合宿に温泉…夏は誘惑とトラブルが満載！　負けるな受験生！！\r\n                  ',NULL,'2018-05-07 09:50:30','2018-05-07 09:50:30'),
  (12,'ギャグマンガ日和ＧＢ　増田こうすけ劇場　３',473,'\r\n\r\n                 \r\n                    理不尽なギャグをこれでもかと詰め込む「ギャグマンガ日和GB」第3弾！　マムシに噛まれた宇宙人を助ける少年や、人気武将の有名兜の秘話など、盛りだくさんの笑いがスゴイ！！\r\n                 ',NULL,'2018-05-07 09:50:31','2018-05-07 09:50:31'),
  (13,'ふたりぼっち戦争　３',473,'\r\n\r\n                  \r\n                    墜落したアンナの身体に起こる異変…。姉弟は、ヒトと怪物の境界線に向き合う──。CIO本部に人型イドラが到達してしまう！！　混乱の中、イドラに対面した科学者のジェフの真意は！？　そして黒い繭の中から救出されたアンナは隔離されることに。イドラとアルカナの秘密に翻弄されるイリヤとアンナの運命は！！\r\n                  ',NULL,'2018-05-07 09:50:31','2018-05-07 09:50:31'),
  (14,'左ききのエレン　３',432,'\r\n\r\n                 \r\n                    高校時代、美大受験に向けてアトリエに通い始めた光一たち。一番好きな場所で写真を撮るという課題で彼が選んだのは、10年前にエレンの父が命を落とした所だった…。光一とさゆりがそこを訪れた時、父を偲んでやって来ていたエレンと遭遇して──！？　前へ進む勇気をくれるクリエイター群像劇、第3巻！！\r\n                 ',NULL,'2018-05-07 09:50:32','2018-05-07 09:50:32'),
  (15,'黒子のバスケＲｅｐｌａｃｅ　ＰＬＵＳ　９',473,'\r\n\r\n                  \r\n                    ウインターカップが目前と迫る中、奉仕活動に参加することになった陽泉高校バスケ部。地域住民との交流を目的に雪像を作ることになっていたが、一人の少年が行方不明となってしまう。部員全員で捜索する中、紫原が……！？\r\n                 ',NULL,'2018-05-07 09:50:32','2018-05-07 09:50:32'),
  (16,'路地裏バンチ　３',497,'\r\n\r\n                  \r\n                    好奇心・ビジネス・怨み、次々と路地裏に現れた訪問者達の思惑は塒にいた人々を巻き込みその場を混乱に陥れ──。偶然の出会いから始まった少女と老人達の物語ここに完結。\r\n                  ',NULL,'2018-05-07 09:50:33','2018-05-07 09:50:33'),
  (17,'夢で見たあの子のために　２',626,'“何か”を取り戻そうとする青年の足掻きがもたらしたもの、それは…！？　自ら蒔いた種で仲間と共に窮地に陥る千里は、板倉から取引を持ちかけられる。それは今まで溜め込んだお金全部と仲間の交換。復讐という目的のため、手を汚してまで集めた犯人捜しの資金。仲間か金か、千里の選択は？',NULL,'2018-05-07 09:50:33','2018-05-07 09:50:33'),
  (18,'マヌケなＦＰＳプレイヤーが異世界へ落ちた場合　ＶＯＬ．２',626,'ハルピア討伐中に更なる強敵現る！？緊急事態に新武装を購入し撃破に挑む！　ハルピア討伐中のシュバルツだったが、突如最上級モンスター「オキュペーテ」が現れ仲間を殺されてしまう。仲間の死に直面したシュバルツは「９１式携帯地対空誘導弾」を購入し、オキュペーテ撃破に挑むのだった！！',NULL,'2018-05-07 09:50:33','2018-05-07 09:50:33'),
  (19,'異世界居酒屋「のぶ」　６',626,'\r\n\r\n                  \r\n                    晩秋の「のぶ」に訪れる、詩人と料理人、そして魔女に関する不穏な噂…。のぶの暖かな店内とおしぼりが身に染みる晩秋。食を歌う詩人や料理人など新たな客も増え、信之も試行錯誤。そんな中、きのこと魔女に関する不穏な噂が…！？ 茶碗蒸し、だし巻き玉子…のぶの味が問われる第６巻！\r\n                 ',NULL,'2018-05-07 09:50:34','2018-05-07 09:50:34'),
  (20,'黒鷺死体宅配便　２３',626,'「生まれ変わりの村」に持ち込まれた少女の心臓！村に隠された秘密とは！？　アメリカから留学してきた少女が心臓をえぐられて殺された！”心臓が覚えている記憶”を聞き出すため、犯人が持ち去ったらしい。心臓を持ち込んだのは村人の殆どが転生者だと言う「生まれ変わりの村」。ここで何が？',NULL,'2018-05-07 09:50:34','2018-05-07 09:50:34'),
  (21,'ＳＴＥＩＮＳ；ＧＡＴＥ　０　２',626,'知られざる、もう一人のタイムトラベラー。　ディストピアと化した未来を変えるため、現代へと単身タイムトラベルしてきた阿万音鈴羽。しかし、実は鈴羽と一緒に未来からやってきたもう一人のタイムトラベラーがいたのだった。その名は、椎名かがり――。',NULL,'2018-05-07 09:50:35','2018-05-07 09:50:35'),
  (22,'異世界で奴隷になりましたがご主人さまは私に欲情しません',691,'大人女子のためのＴＬ小説、ｅロマンスロイヤルより人気作がコミカライズ！　異世界でわけあって“愛玩奴隷”になったものの、残念ご主人さまのお陰で未だ処女のチカ。強面イケメン騎士のアソコを“不能”にしてしまった原因は実は自分にあり……。誤解から始まるラブ＆エロライフ！',NULL,'2018-05-07 09:50:35','2018-05-07 09:50:35'),
  (23,'俺たちマジ校デストロイ　２',734,'おげれつたなか改め、たなかマルメロが描く、全・力・男子高校生！！　おげれつたなか改め、たなかマルメロが描く、全・力・男子高校生たちがアイドルを目指す！！新世代の青春サクセスストーリー第二巻。',NULL,'2018-05-07 09:50:36','2018-05-07 09:50:36'),
  (24,'メタモルフォーゼの縁側　１',842,'７５歳のおばあちゃん、うっかりＢＬデビュー　ふと立ち寄った書店で老婦人が手にしたのは１冊のＢＬコミックス。７５歳にしてＢＬを知った老婦人と書店員の女子高生が織りなすのは穏やかで優しい、しかし心がさざめく日々でした。',NULL,'2018-05-07 09:50:36','2018-05-07 09:50:36'),
  (25,'ＢａｎＧ　Ｄｒｅａｍ！バンドリ　コミック版　３',700,'トキメキいっぱいの青春バンドストーリー！　コミック第３弾！　おたえプルプル作戦開始！？　ポピパの初ライブがついに開催！！　香澄たちとたえとの勝負の行方は！　そしてライブを見つめる沙綾が心に秘める思いとは――。',NULL,'2018-05-07 09:50:37','2018-05-07 09:50:37'),
  (26,'コガネ・クラフター　１',670,'',NULL,'2018-05-07 09:50:37','2018-05-07 09:50:37'),
  (27,'おしおきエクスキュート　ｖｏｌ．４',670,'地獄での修業を終え、おしおきはさらに卑猥に！？　大人気エロコメ第４巻！　ベアトリーチェの弟子だったカルナを、新たに手に入れた力でおしおきし、地獄から帰還した健太。一方、暗躍する理沙の支配は留まることを知らず、その魔の手はかつておしおきを執行した女の子にまで伸び始め――！？',NULL,'2018-05-07 09:50:38','2018-05-07 09:50:38'),
  (28,'ログ・ホライズン　西風の旅団　１１',670,'口伝〈天眼通〉の覚醒！！　死闘を極めた“ＶＳ装備狩り”編、遂に決着！？　“装備狩り”からの思わぬ反撃を受け、窮地に立たされたソウジロウの前に現れたのは、仲間たちの力を取り込み、復活したクロエだった！　死闘の果てにソウジロウたちが失ったもの、そして得たものとは……。',NULL,'2018-05-07 09:50:39','2018-05-07 09:50:39'),
  (29,'魔女の家　エレンの日記　２',670,'「愛されること　それが私の望みだった　でも　愛って何――？」　運命か悪魔の導きか、魔女エレンの家を訪れた少女ヴィオラ。二人の出会いが、惨劇の扉を開く――。森の奥深く佇む恐怖の館を巡る　“はじまりに至る物語”。大人気フリーホラーゲーム前日譚、衝撃のコミカライズ！',NULL,'2018-05-07 09:50:39','2018-05-07 09:50:39'),
  (30,'シャクレルプラネット　僕らはみんなシャクレてる　上',842,'読むとシャクレる　骨でも岩でも木でも何でも食べられる事で、食物連鎖が無く、全ての動物が平等に暮らす惑星シャクレルプラネット。今日もシャクレた動物たちは楽しく仲良く生活するのだった。',NULL,'2018-05-07 09:50:39','2018-05-07 09:50:39'),
  (31,'シャクレルプラネット　僕らはみんなシャクレてる　下',842,'読み終わるとシャクレてる　骨でも岩でも木でも何でも食べられる事で、食物連鎖が無く、全ての動物が平等に暮らす惑星シャクレルプラネット。今日もシャクレた動物たちは楽しく仲良く生活するのだった。',NULL,'2018-05-07 09:50:39','2018-05-07 09:50:39'),
  (32,'月と珈琲、電信柱　シリーズ小さな喫茶店',1188,'コーヒーを巡る物語の第一人者が贈る傑作シリーズ、最終巻。　いつもの町の、いつもの通りの、いつもの店の、いつもの席で…。甘くホロ苦い、アロマ香るコーヒーを巡る連作集。ボリュームたっぷりでお贈りする、感涙のシリーズ最終巻。',NULL,'2018-05-07 09:50:40','2018-05-07 09:50:40'),
  (33,'ルームロンダリング　上',778,'話題の映画を、異能の傑物が前代未聞のコミカライズ！　ＴＳＵＴＡＹＡ　ＣＲＥＡＴＯＲＳ’ＰＲＯＧＲＡＭ　ＦＩＬＭ　２０１５準グランプリ受賞の映画（出演：池田エライザ　オダギリジョー）を、『恋の門』『俺は生ガンダム』の異才が漫画化！',NULL,'2018-05-07 09:50:40','2018-05-07 09:50:40'),
  (34,'青のフラッグ　４',555,'\r\n\r\n                  \r\n                    夜空に花火が輝く夏休み──。桃真の兄・誠也から、桃真の進路について本心を問いただしてほしいと頼まれた太一。だが話を切り出せないまま、桃真の退院日を迎えて…。一方、太一の誕生日が近いと知った二葉は、当日4人で花火大会に行き、お祝いしようと計画するが！？\r\n                 ',NULL,'2018-05-08 02:05:46','2018-05-08 02:05:46'),
  (35,'モネさんのマジメすぎるつき合い方　３',432,'\r\n\r\n                  \r\n                    モネさんとノブ君の秘密のおつき合いを知ってしまった椿！　行き場を失った恋心に苦しむ彼女にモネさんは…！？　一方、副会長の蘭菊は、二人の関係を知った上で海デートに乱入！！　Hで大胆なイタズラを仕掛けてきて！？\r\n                 ',NULL,'2018-05-08 02:05:47','2018-05-08 02:05:47'),
  (36,'スーパードラゴンボールヒーローズ暗黒魔界ミッション！　２',432,'\r\n\r\n                  \r\n                    7つの暗黒ドラゴンボールを集め、暗黒魔界復活を目論む首領・メチカブラ！　“時の界王神”率いるトランクスたちタイムパトロールは、持てる力を結集して立ち向かう！！　暗黒魔界ミッション、極に第一部完！＜同梱SDBHカード＞UVPJ−06　ゴジータ：ゼノ超サイヤ人4エリート：気弾HP　2500パワー　6100ガード　1500アトミックかめはめ波　必要エナジー8カードアクション　フリーズ　［勝利のフリーズアタック］2ラウンド目以降アタッカーにすると、敵チームの攻撃時に、ランダムでフリーズモードに突入。成功すると、敵1人の攻撃を防いだ上で敵にダメージを与え、その敵のチャージインパクトスピードを永続で超速くする。［1回限り］［フリーズはチームで1枚のみ発動可能］アビリティ　牽制の一手発動方式　自動1ラウンド目のみ、敵チームの戦闘力を半減する。\r\n                 ',NULL,'2018-05-08 02:05:47','2018-05-08 02:05:47'),
  (37,'プレイボール２　第３巻',518,'\r\n\r\n                 \r\n                    練習試合で問題児・井口の登板を決めたキャプテン・谷口。果たしてその結果は？　そして谷口の最後の夏が始まる──！！情熱振り切る球児たちの夏！！＜ちばあきお実弟・七三太朗氏インタビュー収録＞\r\n                 ',NULL,'2018-05-08 02:05:48','2018-05-08 02:05:48'),
  (38,'ダーリン・イン・ザ・フランキス　００２',702,'\r\n\r\n                 \r\n                    「To LOVEる―とらぶる―」の矢吹健太朗人気作！！ツノの生えた謎の少女・ゼロツーとの「FRAN××」搭乗に成功し、再び操縦者として生きる希望を見出したヒロ。そんな彼のそばで複雑な思いを抱えるリーダー・イチゴ。だがその時、ヒロたちが所属する13部隊は初めての実戦に臨むことに！？コミックスだけの描きおろしカラーイラスト4ページ＆田中将賀氏（アニメ「ダーリン・イン・ザ・フランキス」キャラクターデザイン・総作画監督）によるスペシャルイラストも収録！！\r\n                 ',NULL,'2018-05-08 02:05:48','2018-05-08 02:05:48'),
  (39,'悪魔のメムメムちゃん　５',432,'\r\n\r\n                  \r\n                    メムメムちゃんが人格矯正施設にぶち込まれたり、杏ちゃんが魔界のチョコで固められたり、ひょう太は舐めるか舐めないか悩んだり。そして明らかになる、未来のメムメムちゃんの衝撃の姿とは…！？\r\n                 ',NULL,'2018-05-08 02:05:49','2018-05-08 02:05:49'),
  (40,'ブラッククローバー　１６',432,'\r\n\r\n                  \r\n                    『白夜の魔眼』の襲撃を受けたゴーシュ達は、ヘンリーの活躍で形勢逆転のチャンスを得るが、果たして…。一方、ヴァンジャンスに不信感を募らせるヤミが面会を待つ中、ヴァンジャンスは王都にて魔法帝と対峙していた。そして、王国全体に混沌をもたらす衝撃の事件が起こる──！！\r\n                  ',NULL,'2018-05-08 02:05:49','2018-05-08 02:05:49'),
  (41,'青春兵器（スプリングウェポン）ナンバーワン　７',454,'\r\n\r\n                 \r\n                    魂のこもった青春は、そうたやすく滅んでしまうものではない。青春を追い求める難波零一は最強の人造人間である。そんな最終兵器と共に修学旅行へと出かけた英二達一行。次々と巻き起こる問題の中で現れた最後のシングルナンバー“No．04”。立ちはだかる“No．04”を前に、零一は帰宅する事ができるのか！？　青春狂騒曲ギャグストーリー破壊と創造の最終巻！！\r\n                  ',NULL,'2018-05-08 02:05:50','2018-05-08 02:05:50'),
  (42,'聖闘士（セイント）星矢ＮＥＸＴ　ＤＩＭＥＮＳＩＯＮ冥王神話　１２',771,'',NULL,'2018-05-08 02:05:50','2018-05-08 02:05:50'),
  (43,'放課後ペダル　「弱虫ペダル」公式アンソロジー　６',540,'',NULL,'2018-05-08 02:05:51','2018-05-08 02:05:51'),
  (44,'弱虫ペダル　５６',463,'\r\n\r\n                  \r\n                    互いの目標であった“山岳賞”をかけ闘う手嶋と葦木場!!　小学校で出会って、中学・高校の8年間全ての想いをペダルにのせついに2人は山岳ゲートへととび込む!! \r\n                  ',NULL,'2018-05-08 02:05:52','2018-05-08 02:05:52'),
  (45,'わがままハニイホリック　２',463,'',NULL,'2018-05-08 02:05:52','2018-05-08 02:05:52'),
  (46,'ドカベン　ドリームトーナメント編ＶＯＬＵＭＥ．３２',463,'',NULL,'2018-05-08 02:05:52','2018-05-08 02:05:52'),
  (47,'六道の悪女（おんな）たち　９',463,'',NULL,'2018-05-08 02:05:53','2018-05-08 02:05:53'),
  (48,'魔入りました！入間くん　ＶＯＬ．５',463,'',NULL,'2018-05-08 02:05:54','2018-05-08 02:05:54'),
  (49,'逆襲インフェルノ　１',463,'',NULL,'2018-05-08 02:05:54','2018-05-08 02:05:54'),
  (50,'ＳＡＮＤ　ＳＴＯＲＭ　ＳＬＵＧＧＥＲ　８',463,'',NULL,'2018-05-08 02:05:54','2018-05-08 02:05:54'),
  (51,'いいなり　６',463,'',NULL,'2018-05-08 02:05:55','2018-05-08 02:05:55'),
  (52,'ＳＨＯＮＡＮセブン　１３',463,'',NULL,'2018-05-08 02:05:56','2018-05-08 02:05:56'),
  (53,'魔法少女サイト　１０',463,'',NULL,'2018-05-08 02:05:56','2018-05-08 02:05:56'),
  (54,'ＧＲＥＡＴ　ＯＬＤ　ドラゴンの創り方　３',463,'',NULL,'2018-05-08 02:05:57','2018-05-08 02:05:57'),
  (55,'スギナミ討伐公務員　異世界勤務の人々　０１',648,'\r\n\r\n                 \r\n                    『戦勇。』の春原ロビンソンと新鋭・佐藤祐紀が描く公務員アクションファンタジーが登場！コミックスだけの描き下ろしオマケ漫画や『D.Grayman』星野桂先生の特別寄稿イラストも収録！異世界（ダンジョン）の出現が当たり前になった東京。様々な町の異世界に対処するのは公務員の役目となっていた！「攻略課」の研修生として配属された真っすぐな新人・結凪悠真と面倒くさがりな先輩・代永天助のお仕事＝戦いが始まる！！\r\n                  ',NULL,'2018-05-08 02:05:57','2018-05-08 02:05:57'),
  (56,'ＢＯＺＥＢＥＡＴＳ　１',432,'\r\n\r\n                 \r\n                    成仏せずに悪霊化し、他の魂を喰らう存在──『魑魅』。魑魅を成仏させるべく、国防総省に設置された秘匿退魔部隊──『BOZE』。山奥で狼に育てられ、己の名すら知らぬ少年は、失くした記憶を取り戻すため、前へ進み始める。舞台は──“東京”。\r\n                  ',NULL,'2018-05-08 02:05:58','2018-05-08 02:05:58'),
  (57,'少年ジャンプに人生賭けてみた',680,'\r\n\r\n                  \r\n                    おにぎり屋兼マンガ家のサクライタケシがコミックスの印税を全部カジノにぶっこんだり世界一のバンジー（地上233m）に挑戦したり打ち切りをかけて編集長と大食い対決したりと人生を賭けて大暴れ！\r\n                 ',NULL,'2018-05-08 02:05:58','2018-05-08 02:05:58'),
  (58,'アクタージュ　ｖｏｌ．１',432,'\r\n\r\n                  \r\n                    女優を目指す女子高生・夜凪は有名芸能事務所スターズのオーディションで天才的な芝居をするも不合格。それは彼女の危険な演技法に理由があった。しかし、夜凪の才能に魅せられた映画監督・黒山が役者の世界に誘う！！\r\n                 ',NULL,'2018-05-08 02:05:58','2018-05-08 02:05:58'),
  (59,'ＤＥＭＯＮ　ＴＵＮＥ　１',473,'\r\n\r\n                  \r\n                    来る者を拒まないが、歓迎もしない街──ウイザードシティ。中でも、一際危険な場所であるクラブ「ネバーランド」に連れてこられた妖精のフランは、同じく囚われの身となった迷子の忍者・小雪丸と出会う。“天災の巻物”の情報を知るがゆえに悪党に追われる小雪丸と共に逃げ出したフラン。2人は街に蔓延る闇と戦うことになるのだった──！！\r\n                 ',NULL,'2018-05-08 02:05:59','2018-05-08 02:05:59'),
  (60,'新テニスの王子様パーフェクトファンブック２３．５',972,'\r\n\r\n                  \r\n                    『新テニ』公式ファンブック第2弾！！　今度は前人未踏のパーフェクト版！・キャラクター数190名超！　新規＆更新プロフィールを掲載！・許斐先生にロングインタビュー！・描きおろし漫画など他企画も満載！\r\n                  ',NULL,'2018-05-08 02:05:59','2018-05-08 02:05:59'),
  (61,'ブラッククローバー魔導書の栞（マルクパージュ・ド・グリモワール）１６．５　公式ガイドブック',810,'\r\n\r\n                 \r\n                    『ブラクロ』初の公式ガイドブック！！クローバー王国とエルフ族の因縁…『白夜の魔眼』の真の目的を紐解く──！！！●ストーリーガイド！！　伏線回収！！　JCとあわせて読むと面白さが倍増！！●キャラデータ！！　100人を超えるキャラを収録！！　初公開のプロフィール＆パラメーターも！！●Q＆A＋田畠先生特集！！　『ブラクロ』の世界や田畠先生の秘密が明らかになる…！！？●スペシャル付録！！　JCリバーシブルカバーと魔法騎士団エンブレム風シール付き！！\r\n                  ',NULL,'2018-05-08 02:06:00','2018-05-08 02:06:00'),
  (62,'スキウサギ　１',1080,'',NULL,'2018-05-08 02:06:00','2018-05-08 02:06:00'),
  (63,'スペクトルマン　冒険王・週刊少年チャンピオン版　５',1728,'',NULL,'2018-05-08 02:06:01','2018-05-08 02:06:01');

/*!40000 ALTER TABLE `products` ENABLE KEYS */;
UNLOCK TABLES;


# テーブルのダンプ registrationinformations
# ------------------------------------------------------------

DROP TABLE IF EXISTS `registrationinformations`;

CREATE TABLE `registrationinformations` (
  `id` int(11) NOT NULL AUTO_INCREMENT,
  `isbn` varchar(255) NOT NULL,
  `pubiilsher` varchar(255) DEFAULT NULL,
  `saledate` date DEFAULT NULL,
  `language` varchar(255) DEFAULT NULL,
  `determinetype` varchar(255) DEFAULT NULL,
  `product_id` int(11) DEFAULT NULL,
  `created_at` datetime NOT NULL,
  `updated_at` datetime NOT NULL,
  PRIMARY KEY (`id`),
  KEY `index_registrationinformations_on_product_id` (`product_id`),
  CONSTRAINT `fk_rails_4a1f8dc176` FOREIGN KEY (`product_id`) REFERENCES `products` (`id`)
) ENGINE=InnoDB DEFAULT CHARSET=utf8;

LOCK TABLES `registrationinformations` WRITE;
/*!40000 ALTER TABLE `registrationinformations` DISABLE KEYS */;

INSERT INTO `registrationinformations` (`id`, `isbn`, `pubiilsher`, `saledate`, `language`, `determinetype`, `product_id`, `created_at`, `updated_at`)
VALUES
  (1,'978-4-08-881361-5','集英社',NULL,NULL,NULL,4,'2018-05-08 02:48:51','2018-05-08 02:48:51'),
  (2,'978-4-08-881372-1','集英社',NULL,NULL,NULL,5,'2018-05-08 02:48:52','2018-05-08 02:48:52'),
  (3,'978-4-08-881388-2','集英社',NULL,NULL,NULL,6,'2018-05-08 02:48:52','2018-05-08 02:48:52'),
  (4,'978-4-08-881395-0','集英社',NULL,NULL,NULL,7,'2018-05-08 02:48:53','2018-05-08 02:48:53'),
  (5,'978-4-08-881409-4','集英社',NULL,NULL,NULL,8,'2018-05-08 02:48:53','2018-05-08 02:48:53'),
  (6,'978-4-08-881410-0','集英社',NULL,NULL,NULL,9,'2018-05-08 02:48:53','2018-05-08 02:48:53'),
  (7,'978-4-08-881413-1','集英社',NULL,NULL,NULL,10,'2018-05-08 02:48:54','2018-05-08 02:48:54'),
  (8,'978-4-08-881414-8','集英社',NULL,NULL,NULL,11,'2018-05-08 02:48:55','2018-05-08 02:48:55'),
  (9,'978-4-08-881415-5','集英社',NULL,NULL,NULL,12,'2018-05-08 02:48:55','2018-05-08 02:48:55'),
  (10,'978-4-08-881416-2','集英社',NULL,NULL,NULL,13,'2018-05-08 02:48:56','2018-05-08 02:48:56'),
  (11,'978-4-08-881417-9','集英社',NULL,NULL,NULL,14,'2018-05-08 02:48:56','2018-05-08 02:48:56'),
  (12,'978-4-08-881421-6','集英社',NULL,NULL,NULL,15,'2018-05-08 02:48:57','2018-05-08 02:48:57'),
  (13,'978-4-08-881472-8','集英社',NULL,NULL,NULL,16,'2018-05-08 02:48:57','2018-05-08 02:48:57'),
  (14,'978-4-04-106837-3','ＫＡＤＯＫＡＷＡ',NULL,NULL,NULL,17,'2018-05-08 02:48:58','2018-05-08 02:48:58'),
  (15,'978-4-04-106397-2','ＫＡＤＯＫＡＷＡ',NULL,NULL,NULL,18,'2018-05-08 02:48:58','2018-05-08 02:48:58'),
  (16,'978-4-04-106842-7','ＫＡＤＯＫＡＷＡ',NULL,NULL,NULL,19,'2018-05-08 02:48:59','2018-05-08 02:48:59'),
  (17,'978-4-04-106714-7','ＫＡＤＯＫＡＷＡ',NULL,NULL,NULL,20,'2018-05-08 02:48:59','2018-05-08 02:48:59'),
  (18,'978-4-04-106553-2','ＫＡＤＯＫＡＷＡ',NULL,NULL,NULL,21,'2018-05-08 02:49:00','2018-05-08 02:49:00'),
  (19,'978-4-04-735159-2','ＫＡＤＯＫＡＷＡ',NULL,NULL,NULL,22,'2018-05-08 02:49:00','2018-05-08 02:49:00'),
  (20,'978-4-04-735061-8','ＫＡＤＯＫＡＷＡ',NULL,NULL,NULL,23,'2018-05-08 02:49:01','2018-05-08 02:49:01'),
  (21,'978-4-04-106830-4','ＫＡＤＯＫＡＷＡ',NULL,NULL,NULL,24,'2018-05-08 02:49:01','2018-05-08 02:49:01'),
  (22,'978-4-04-899437-8','ブシロードメディア',NULL,NULL,NULL,25,'2018-05-08 02:49:02','2018-05-08 02:49:02'),
  (23,'978-4-04-072706-6','ＫＡＤＯＫＡＷＡ',NULL,NULL,NULL,26,'2018-05-08 02:49:02','2018-05-08 02:49:02'),
  (24,'978-4-04-072704-2','ＫＡＤＯＫＡＷＡ',NULL,NULL,NULL,27,'2018-05-08 02:49:03','2018-05-08 02:49:03'),
  (25,'978-4-04-072705-9','ＫＡＤＯＫＡＷＡ',NULL,NULL,NULL,28,'2018-05-08 02:49:03','2018-05-08 02:49:03'),
  (26,'978-4-04-072709-7','ＫＡＤＯＫＡＷＡ',NULL,NULL,NULL,29,'2018-05-08 02:49:04','2018-05-08 02:49:04'),
  (27,'978-4-04-105907-4','ＫＡＤＯＫＡＷＡ',NULL,NULL,NULL,30,'2018-05-08 02:49:04','2018-05-08 02:49:04'),
  (28,'978-4-04-106958-5','ＫＡＤＯＫＡＷＡ',NULL,NULL,NULL,31,'2018-05-08 02:49:04','2018-05-08 02:49:04'),
  (29,'978-4-04-735124-0','ＫＡＤＯＫＡＷＡ',NULL,NULL,NULL,32,'2018-05-08 02:49:05','2018-05-08 02:49:05'),
  (30,'978-4-04-735188-2','ＫＡＤＯＫＡＷＡ',NULL,NULL,NULL,33,'2018-05-08 02:49:05','2018-05-08 02:49:05'),
  (31,'978-4-08-881485-8','集英社',NULL,NULL,NULL,34,'2018-05-08 02:50:07','2018-05-08 02:50:07'),
  (32,'978-4-08-881486-5','集英社',NULL,NULL,NULL,35,'2018-05-08 02:50:08','2018-05-08 02:50:08'),
  (33,'978-4-08-881487-2','集英社',NULL,NULL,NULL,36,'2018-05-08 02:50:08','2018-05-08 02:50:08'),
  (34,'978-4-08-881492-6','集英社',NULL,NULL,NULL,37,'2018-05-08 02:50:08','2018-05-08 02:50:08'),
  (35,'978-4-08-881493-3','集英社',NULL,NULL,NULL,38,'2018-05-08 02:50:09','2018-05-08 02:50:09'),
  (36,'978-4-08-881494-0','集英社',NULL,NULL,NULL,39,'2018-05-08 02:50:09','2018-05-08 02:50:09'),
  (37,'978-4-08-881513-8','集英社',NULL,NULL,NULL,40,'2018-05-08 02:50:10','2018-05-08 02:50:10'),
  (38,'978-4-08-881550-3','集英社',NULL,NULL,NULL,41,'2018-05-08 02:50:10','2018-05-08 02:50:10'),
  (39,'978-4-253-13282-4','秋田書店',NULL,NULL,NULL,42,'2018-05-08 02:50:11','2018-05-08 02:50:11'),
  (40,'978-4-253-21703-3','秋田書店',NULL,NULL,NULL,43,'2018-05-08 02:50:11','2018-05-08 02:50:11'),
  (41,'978-4-253-22716-2','秋田書店',NULL,NULL,NULL,44,'2018-05-08 02:50:12','2018-05-08 02:50:12'),
  (42,'978-4-253-22612-7','秋田書店',NULL,NULL,NULL,45,'2018-05-08 02:50:12','2018-05-08 02:50:12'),
  (43,'978-4-253-21804-7','秋田書店',NULL,NULL,NULL,46,'2018-05-08 02:50:13','2018-05-08 02:50:13'),
  (44,'978-4-253-22584-7','秋田書店',NULL,NULL,NULL,47,'2018-05-08 02:50:13','2018-05-08 02:50:13'),
  (45,'978-4-253-22520-5','秋田書店',NULL,NULL,NULL,48,'2018-05-08 02:50:14','2018-05-08 02:50:14'),
  (46,'978-4-253-22508-3','秋田書店',NULL,NULL,NULL,49,'2018-05-08 02:50:14','2018-05-08 02:50:14'),
  (47,'978-4-253-22748-3','秋田書店',NULL,NULL,NULL,50,'2018-05-08 02:50:14','2018-05-08 02:50:14'),
  (48,'978-4-253-22574-8','秋田書店',NULL,NULL,NULL,51,'2018-05-08 02:50:15','2018-05-08 02:50:15'),
  (49,'978-4-253-22679-0','秋田書店',NULL,NULL,NULL,52,'2018-05-08 02:50:16','2018-05-08 02:50:16'),
  (50,'978-4-253-22410-9','秋田書店',NULL,NULL,NULL,53,'2018-05-08 02:50:16','2018-05-08 02:50:16'),
  (51,'978-4-253-21638-8','秋田書店',NULL,NULL,NULL,54,'2018-05-08 02:50:17','2018-05-08 02:50:17'),
  (52,'978-4-08-881473-5','集英社',NULL,NULL,NULL,55,'2018-05-08 02:50:17','2018-05-08 02:50:17'),
  (53,'978-4-08-881477-3','集英社',NULL,NULL,NULL,56,'2018-05-08 02:50:18','2018-05-08 02:50:18'),
  (54,'978-4-08-881478-0','集英社',NULL,NULL,NULL,57,'2018-05-08 02:50:18','2018-05-08 02:50:18'),
  (55,'978-4-08-881483-4','集英社',NULL,NULL,NULL,58,'2018-05-08 02:50:19','2018-05-08 02:50:19'),
  (56,'978-4-08-881488-9','集英社',NULL,NULL,NULL,59,'2018-05-08 02:50:19','2018-05-08 02:50:19'),
  (57,'978-4-08-881491-9','集英社',NULL,NULL,NULL,60,'2018-05-08 02:50:20','2018-05-08 02:50:20'),
  (58,'978-4-08-881551-0','集英社',NULL,NULL,NULL,61,'2018-05-08 02:50:21','2018-05-08 02:50:21'),
  (59,'978-4-253-10776-1','秋田書店',NULL,NULL,NULL,62,'2018-05-08 02:50:21','2018-05-08 02:50:21'),
  (60,'978-4-253-10770-9','秋田書店',NULL,NULL,NULL,63,'2018-05-08 02:50:21','2018-05-08 02:50:21');

/*!40000 ALTER TABLE `registrationinformations` ENABLE KEYS */;
UNLOCK TABLES;


# テーブルのダンプ schema_migrations
# ------------------------------------------------------------

DROP TABLE IF EXISTS `schema_migrations`;

CREATE TABLE `schema_migrations` (
  `version` varchar(255) NOT NULL,
  PRIMARY KEY (`version`)
) ENGINE=InnoDB DEFAULT CHARSET=utf8;

LOCK TABLES `schema_migrations` WRITE;
/*!40000 ALTER TABLE `schema_migrations` DISABLE KEYS */;

INSERT INTO `schema_migrations` (`version`)
VALUES
  ('20180507061001'),
  ('20180508000716'),
  ('20180508012712'),
  ('20180508021040');

/*!40000 ALTER TABLE `schema_migrations` ENABLE KEYS */;
UNLOCK TABLES;



/*!40111 SET SQL_NOTES=@OLD_SQL_NOTES */;
/*!40101 SET SQL_MODE=@OLD_SQL_MODE */;
/*!40014 SET FOREIGN_KEY_CHECKS=@OLD_FOREIGN_KEY_CHECKS */;
/*!40101 SET CHARACTER_SET_CLIENT=@OLD_CHARACTER_SET_CLIENT */;
/*!40101 SET CHARACTER_SET_RESULTS=@OLD_CHARACTER_SET_RESULTS */;
/*!40101 SET COLLATION_CONNECTION=@OLD_COLLATION_CONNECTION */;
